"Dist Code","Year","State Code","State Name","Dist Name","RICE AREA (1000 ha)","WHEAT AREA (1000 ha)","SORGHUM AREA (1000 ha)","PEARL MILLET AREA (1000 ha)","MAIZE AREA (1000 ha)","FINGER MILLET AREA (1000 ha)","TOTAL AREA (1000 ha)"
"83","1966","11","Tamil Nadu","Chengalpattu MGR / Kanchipuram","9.0","0.0","0.0","0.0","0.0","-1.0","9.0"
"83","1967","11","Tamil Nadu","Chengalpattu MGR / Kanchipuram","25.0","0.0","0.1","0.6","0.0","-1.0","25.7"
"83","1968","11","Tamil Nadu","Chengalpattu MGR / Kanchipuram","76.0","0.0","0.1","4.5","0.2","-1.0","80.8"
"83","1969","11","Tamil Nadu","Chengalpattu MGR / Kanchipuram","148.0","0.0","0.4","7.6","0.1","-1.0","156.1"
"83","1970","11","Tamil Nadu","Chengalpattu MGR / Kanchipuram","233.0","0.0","0.0","10.0","0.0","-1.0","243.0"
"83","1971","11","Tamil Nadu","Chengalpattu MGR / Kanchipuram","270.0","0.0","0.0","8.0","0.0","-1.0","278.0"
"83","1972","11","Tamil Nadu","Chengalpattu MGR / Kanchipuram","260.0","0.0","0.0","24.0","0.0","-1.0","284.0"
"83","1973","11","Tamil Nadu","Chengalpattu MGR / Kanchipuram","215.0","0.0","0.0","24.8","0.0","-1.0","239.8"
"83","1974","11","Tamil Nadu","Chengalpattu MGR / Kanchipuram","201.0","0.0","0.0","1.1","0.0","-1.0","202.1"
"83","1975","11","Tamil Nadu","Chengalpattu MGR / Kanchipuram","250.0","0.0","0.0","9.7","0.5","-1.0","260.2"
"83","1976","11","Tamil Nadu","Chengalpattu MGR / Kanchipuram","315.0","0.0","0.0","7.2","0.8","-1.0","323.0"
"83","1977","11","Tamil Nadu","Chengalpattu MGR / Kanchipuram","295.0","0.0","0.2","8.8","0.4","-1.0","304.4"
"83","1978","11","Tamil Nadu","Chengalpattu MGR / Kanchipuram","301.0","0.0","0.4","8.4","0.0","-1.0","309.8"
"83","1979","11","Tamil Nadu","Chengalpattu MGR / Kanchipuram","290.7","0.0","0.2","9.3","0.0","-1.0","300.2"
"83","1980","11","Tamil Nadu","Chengalpattu MGR / Kanchipuram","256.6","0.0","0.7","10.6","0.0","-1.0","267.9"
"83","1981","11","Tamil Nadu","Chengalpattu MGR / Kanchipuram","235.0","0.0","0.6","8.6","0.0","-1.0","244.2"
"83","1982","11","Tamil Nadu","Chengalpattu MGR / Kanchipuram","148.3","0.0","0.2","3.9","0.0","0.0","152.4"
"83","1983","11","Tamil Nadu","Chengalpattu MGR / Kanchipuram","259.6","0.0","0.5","6.7","0.0","-1.0","266.8"
"83","1984","11","Tamil Nadu","Chengalpattu MGR / Kanchipuram","269.4","0.0","0.5","7.4","0.0","5.68","282.98"
"83","1985","11","Tamil Nadu","Chengalpattu MGR / Kanchipuram","250.8","0.0","0.2","1.6","0.0","-1.0","252.6"
"83","1986","11","Tamil Nadu","Chengalpattu MGR / Kanchipuram","152.4","0.0","0.1","0.9","0.0","0.62","154.02"
"83","1987","11","Tamil Nadu","Chengalpattu MGR / Kanchipuram","206.9","0.0","0.4","1.7","0.0","-1.0","209.0"
"83","1988","11","Tamil Nadu","Chengalpattu MGR / Kanchipuram","201.5","0.0","0.6","2.5","0.0","2.36","206.96"
"83","1989","11","Tamil Nadu","Chengalpattu MGR / Kanchipuram","202.3","0.0","0.4","2.4","0.0","4.56","209.66"
"83","1990","11","Tamil Nadu","Chengalpattu MGR / Kanchipuram","222.47","0.0","0.24","2.18","0.0","6.95","231.84"
"83","1991","11","Tamil Nadu","Chengalpattu MGR / Kanchipuram","256.36","0.0","0.32","1.61","0.0","6.54","264.83"
"83","1992","11","Tamil Nadu","Chengalpattu MGR / Kanchipuram","230.65","0.0","0.04","0.86","0.0","5.48","237.03"
"83","1993","11","Tamil Nadu","Chengalpattu MGR / Kanchipuram","285.79","0.0","0.03","1.02","0.0","5.11","291.94"
"83","1994","11","Tamil Nadu","Chengalpattu MGR / Kanchipuram","252.89","0.0","0.13","0.91","0.0","5.03","258.96"
"83","1995","11","Tamil Nadu","Chengalpattu MGR / Kanchipuram","249.0","0.0","0.0","1.0","0.0","3.0","253.0"
"83","1996","11","Tamil Nadu","Chengalpattu MGR / Kanchipuram","257.0","0.0","0.0","1.0","0.0","2.0","260.0"
"83","1997","11","Tamil Nadu","Chengalpattu MGR / Kanchipuram","261.94","0.0","0.08","0.69","0.0","2.1","264.81"
"83","1998","11","Tamil Nadu","Chengalpattu MGR / Kanchipuram","262.9","0.0","0.1","0.9","0.0","4.0","267.9"
"83","1999","11","Tamil Nadu","Chengalpattu MGR / Kanchipuram","250.2","0.0","0.1","0.8","0.0","2.6","253.7"
"83","2000","11","Tamil Nadu","Chengalpattu MGR / Kanchipuram","222.4","0.0","0.0","1.0","0.0","2.3","225.7"
"83","2001","11","Tamil Nadu","Chengalpattu MGR / Kanchipuram","225.8","0.0","0.1","1.3","0.0","1.4","228.6"
"83","2002","11","Tamil Nadu","Chengalpattu MGR / Kanchipuram","184.0","0.0","0.0","1.5","0.0","1.4","186.9"
"83","2003","11","Tamil Nadu","Chengalpattu MGR / Kanchipuram","172.0","0.0","0.1","1.8","0.0","1.9","175.8"
"83","2004","11","Tamil Nadu","Chengalpattu MGR / Kanchipuram","167.15","0.0","0.19","1.98","0.0","1.06","170.37"
"83","2005","11","Tamil Nadu","Chengalpattu MGR / Kanchipuram","211.06","0.0","0.19","1.46","0.0","0.82","213.55"
"83","2006","11","Tamil Nadu","Chengalpattu MGR / Kanchipuram","189.58","0.0","0.13","1.15","0.0","0.46","191.32"
"83","2007","11","Tamil Nadu","Chengalpattu MGR / Kanchipuram","167.38","0.0","0.1","0.92","0.0","0.32","168.73"
"83","2008","11","Tamil Nadu","Chengalpattu MGR / Kanchipuram","170.26","0.0","0.1","0.61","0.0","0.0","171.0"
"83","2009","11","Tamil Nadu","Chengalpattu MGR / Kanchipuram","165.98","-1.0","0.05","0.29","-1.0","0.2","166.53"
"83","2010","11","Tamil Nadu","Chengalpattu MGR / Kanchipuram","178.96","-1.0","0.06","0.32","-1.0","0.43","179.78"
"84","1966","11","Tamil Nadu","South Arcot / Cuddalore","5.0","0.0","0.6","0.0","0.0","-1.0","5.6"
"84","1967","11","Tamil Nadu","South Arcot / Cuddalore","20.0","0.0","0.3","1.6","0.0","-1.0","21.9"
"84","1968","11","Tamil Nadu","South Arcot / Cuddalore","36.0","0.0","0.3","2.0","0.2","-1.0","38.5"
"84","1969","11","Tamil Nadu","South Arcot / Cuddalore","108.0","0.0","0.6","4.2","0.3","-1.0","113.1"
"84","1970","11","Tamil Nadu","South Arcot / Cuddalore","216.0","0.0","0.3","8.0","0.4","-1.0","224.7"
"84","1971","11","Tamil Nadu","South Arcot / Cuddalore","243.0","0.0","0.1","20.0","0.1","-1.0","263.2"
"84","1972","11","Tamil Nadu","South Arcot / Cuddalore","133.0","0.0","0.0","37.3","0.0","-1.0","170.3"
"84","1973","11","Tamil Nadu","South Arcot / Cuddalore","195.0","0.0","0.2","19.2","0.0","-1.0","214.4"
"84","1974","11","Tamil Nadu","South Arcot / Cuddalore","203.0","0.0","0.0","10.6","0.0","-1.0","213.6"
"84","1975","11","Tamil Nadu","South Arcot / Cuddalore","251.0","0.0","3.2","5.5","1.4","-1.0","261.1"
"84","1976","11","Tamil Nadu","South Arcot / Cuddalore","281.0","0.0","3.2","14.4","2.4","-1.0","301.0"
"84","1977","11","Tamil Nadu","South Arcot / Cuddalore","292.0","0.0","2.4","32.4","0.4","-1.0","327.2"
"84","1978","11","Tamil Nadu","South Arcot / Cuddalore","305.0","0.0","0.8","34.0","0.1","-1.0","339.9"
"84","1979","11","Tamil Nadu","South Arcot / Cuddalore","284.2","0.0","6.6","39.9","0.4","-1.0","331.1"
"84","1980","11","Tamil Nadu","South Arcot / Cuddalore","187.4","0.0","8.0","42.6","0.4","-1.0","238.4"
"84","1981","11","Tamil Nadu","South Arcot / Cuddalore","257.3","0.0","11.2","55.8","0.4","-1.0","324.7"
"84","1982","11","Tamil Nadu","South Arcot / Cuddalore","127.0","0.0","6.8","43.1","0.1","8.8","185.8"
"84","1983","11","Tamil Nadu","South Arcot / Cuddalore","233.7","0.0","5.2","66.0","0.1","-1.0","305.0"
"84","1984","11","Tamil Nadu","South Arcot / Cuddalore","242.5","0.0","5.0","72.9","0.1","7.23","327.73"
"84","1985","11","Tamil Nadu","South Arcot / Cuddalore","293.4","0.0","14.4","40.7","0.0","-1.0","348.5"
"84","1986","11","Tamil Nadu","South Arcot / Cuddalore","281.0","0.0","16.9","56.3","0.1","9.63","363.93"
"84","1987","11","Tamil Nadu","South Arcot / Cuddalore","235.3","0.0","8.3","52.5","0.0","-1.0","296.1"
"84","1988","11","Tamil Nadu","South Arcot / Cuddalore","197.6","0.0","6.0","57.2","0.0","3.71","264.51"
"84","1989","11","Tamil Nadu","South Arcot / Cuddalore","211.9","0.0","9.4","58.3","0.0","8.78","288.38"
"84","1990","11","Tamil Nadu","South Arcot / Cuddalore","179.94","0.0","6.07","65.68","0.0","4.19","255.88"
"84","1991","11","Tamil Nadu","South Arcot / Cuddalore","233.31","0.0","5.07","61.57","0.0","4.03","303.98"
"84","1992","11","Tamil Nadu","South Arcot / Cuddalore","241.88","0.0","4.28","52.51","0.0","5.49","304.16"
"84","1993","11","Tamil Nadu","South Arcot / Cuddalore","131.95","0.0","6.08","58.46","0.0","4.77","201.26"
"84","1994","11","Tamil Nadu","South Arcot / Cuddalore","236.02","0.0","5.77","56.69","0.0","3.27","301.75"
"84","1995","11","Tamil Nadu","South Arcot / Cuddalore","221.0","0.0","7.0","48.0","0.0","2.0","278.0"
"84","1996","11","Tamil Nadu","South Arcot / Cuddalore","293.0","0.0","5.0","43.0","0.0","3.0","344.0"
"84","1997","11","Tamil Nadu","South Arcot / Cuddalore","285.7","0.0","2.95","36.3","0.0","2.0","326.95"
"84","1998","11","Tamil Nadu","South Arcot / Cuddalore","276.3","0.0","1.0","40.5","0.0","1.8","319.6"
"84","1999","11","Tamil Nadu","South Arcot / Cuddalore","272.4","0.0","1.6","28.5","0.0","1.9","304.4"
"84","2000","11","Tamil Nadu","South Arcot / Cuddalore","267.8","0.0","1.8","24.4","0.0","2.2","296.2"
"84","2001","11","Tamil Nadu","South Arcot / Cuddalore","264.0","0.0","1.4","24.6","0.0","1.3","291.3"
"84","2002","11","Tamil Nadu","South Arcot / Cuddalore","182.8","0.0","1.5","15.1","0.0","1.4","200.8"
"84","2003","11","Tamil Nadu","South Arcot / Cuddalore","179.5","0.0","2.9","46.7","0.0","2.9","232.0"
"84","2004","11","Tamil Nadu","South Arcot / Cuddalore","278.15","0.0","3.14","20.03","0.0","1.63","302.95"
"84","2005","11","Tamil Nadu","South Arcot / Cuddalore","282.73","0.0","2.22","11.56","0.0","0.97","297.48"
"84","2006","11","Tamil Nadu","South Arcot / Cuddalore","249.03","0.0","2.48","10.44","0.0","0.69","262.62"
"84","2007","11","Tamil Nadu","South Arcot / Cuddalore","248.2","0.0","3.61","13.1","0.0","0.69","265.6"
"84","2008","11","Tamil Nadu","South Arcot / Cuddalore","254.46","0.0","4.14","11.05","0.0","1.0","271.0"
"84","2009","11","Tamil Nadu","South Arcot / Cuddalore","259.97","-1.0","2.78","10.64","-1.0","0.55","273.93"
"84","2010","11","Tamil Nadu","South Arcot / Cuddalore","265.75","-1.0","1.8","12.46","-1.0","0.74","280.75"
"85","1966","11","Tamil Nadu","North Arcot / Vellore","7.0","0.0","0.0","0.0","0.0","-1.0","7.0"
"85","1967","11","Tamil Nadu","North Arcot / Vellore","49.0","0.0","0.1","0.5","0.0","-1.0","49.6"
"85","1968","11","Tamil Nadu","North Arcot / Vellore","87.0","0.0","0.1","0.6","0.0","-1.0","87.7"
"85","1969","11","Tamil Nadu","North Arcot / Vellore","123.0","0.0","0.4","2.4","0.1","-1.0","125.9"
"85","1970","11","Tamil Nadu","North Arcot / Vellore","178.0","0.0","0.0","8.0","0.5","-1.0","186.5"
"85","1971","11","Tamil Nadu","North Arcot / Vellore","225.0","0.0","0.0","5.2","1.7","-1.0","231.9"
"85","1972","11","Tamil Nadu","North Arcot / Vellore","240.0","0.0","0.0","80.4","0.8","-1.0","321.2"
"85","1973","11","Tamil Nadu","North Arcot / Vellore","265.0","0.0","0.0","61.6","0.0","-1.0","326.6"
"85","1974","11","Tamil Nadu","North Arcot / Vellore","206.0","0.0","0.0","1.7","0.2","-1.0","207.9"
"85","1975","11","Tamil Nadu","North Arcot / Vellore","224.0","0.0","3.2","14.2","0.6","-1.0","242.0"
"85","1976","11","Tamil Nadu","North Arcot / Vellore","229.0","0.0","4.0","15.0","0.8","-1.0","248.8"
"85","1977","11","Tamil Nadu","North Arcot / Vellore","240.0","0.0","4.4","18.2","0.4","-1.0","263.0"
"85","1978","11","Tamil Nadu","North Arcot / Vellore","248.0","0.0","5.6","19.8","0.8","-1.0","274.2"
"85","1979","11","Tamil Nadu","North Arcot / Vellore","246.1","0.0","2.8","17.4","0.4","-1.0","266.7"
"85","1980","11","Tamil Nadu","North Arcot / Vellore","112.3","0.0","4.8","14.5","0.4","-1.0","132.0"
"85","1981","11","Tamil Nadu","North Arcot / Vellore","173.0","0.0","16.5","16.8","0.4","-1.0","206.7"
"85","1982","11","Tamil Nadu","North Arcot / Vellore","75.0","0.0","5.0","17.5","0.9","4.16","102.56"
"85","1983","11","Tamil Nadu","North Arcot / Vellore","246.1","0.0","0.5","24.1","0.7","-1.0","271.4"
"85","1984","11","Tamil Nadu","North Arcot / Vellore","255.4","0.0","0.5","26.6","0.6","5.94","289.04"
"85","1985","11","Tamil Nadu","North Arcot / Vellore","227.6","0.0","8.8","4.5","0.0","-1.0","240.9"
"85","1986","11","Tamil Nadu","North Arcot / Vellore","143.3","0.0","7.4","7.1","0.5","3.57","161.87"
"85","1987","11","Tamil Nadu","North Arcot / Vellore","137.1","0.0","14.5","8.5","0.0","-1.0","160.1"
"85","1988","11","Tamil Nadu","North Arcot / Vellore","144.2","0.0","16.1","8.8","0.0","8.67","177.77"
"85","1989","11","Tamil Nadu","North Arcot / Vellore","88.2","0.0","19.5","15.1","0.0","14.47","137.27"
"85","1990","11","Tamil Nadu","North Arcot / Vellore","86.78","0.0","27.21","14.3","0.0","13.1","141.39"
"85","1991","11","Tamil Nadu","North Arcot / Vellore","174.0","0.0","21.38","20.17","0.0","13.03","228.58"
"85","1992","11","Tamil Nadu","North Arcot / Vellore","140.01","0.0","19.45","13.91","0.0","15.76","189.13"
"85","1993","11","Tamil Nadu","North Arcot / Vellore","161.28","0.0","19.16","10.63","0.0","13.99","205.06"
"85","1994","11","Tamil Nadu","North Arcot / Vellore","160.17","0.0","13.31","10.94","0.0","11.31","195.73"
"85","1995","11","Tamil Nadu","North Arcot / Vellore","161.0","0.0","14.0","10.0","0.0","10.0","195.0"
"85","1996","11","Tamil Nadu","North Arcot / Vellore","232.0","0.0","14.0","7.0","0.0","8.0","261.0"
"85","1997","11","Tamil Nadu","North Arcot / Vellore","213.57","0.0","11.19","11.46","0.0","9.42","245.64"
"85","1998","11","Tamil Nadu","North Arcot / Vellore","223.0","0.0","16.4","15.7","0.0","14.7","269.8"
"85","1999","11","Tamil Nadu","North Arcot / Vellore","147.3","0.0","12.4","16.8","0.0","17.5","194.0"
"85","2000","11","Tamil Nadu","North Arcot / Vellore","134.1","0.0","13.1","14.8","0.0","19.3","181.3"
"85","2001","11","Tamil Nadu","North Arcot / Vellore","182.8","0.0","13.4","17.5","0.0","16.4","230.1"
"85","2002","11","Tamil Nadu","North Arcot / Vellore","70.2","0.0","9.9","9.8","0.0","9.7","99.6"
"85","2003","11","Tamil Nadu","North Arcot / Vellore","101.6","0.0","14.0","21.5","0.0","14.2","151.3"
"85","2004","11","Tamil Nadu","North Arcot / Vellore","144.0","0.0","14.11","10.57","0.0","7.14","175.82"
"85","2005","11","Tamil Nadu","North Arcot / Vellore","198.98","0.0","10.56","7.71","0.0","8.37","225.61"
"85","2006","11","Tamil Nadu","North Arcot / Vellore","152.34","0.0","9.68","5.93","0.0","7.74","175.71"
"85","2007","11","Tamil Nadu","North Arcot / Vellore","155.26","0.0","9.56","5.99","0.0","8.39","179.19"
"85","2008","11","Tamil Nadu","North Arcot / Vellore","148.91","0.0","8.03","7.45","0.0","9.0","174.0"
"85","2009","11","Tamil Nadu","North Arcot / Vellore","141.73","-1.0","7.93","4.39","-1.0","7.01","161.06"
"85","2010","11","Tamil Nadu","North Arcot / Vellore","168.71","-1.0","7.53","5.19","-1.0","5.83","187.25"
"86","1966","11","Tamil Nadu","Salem","18.0","0.0","1.4","0.5","0.0","-1.0","19.9"
"86","1967","11","Tamil Nadu","Salem","26.0","0.0","1.3","1.9","0.3","-1.0","29.5"
"86","1968","11","Tamil Nadu","Salem","27.0","0.0","0.5","4.6","0.9","-1.0","33.0"
"86","1969","11","Tamil Nadu","Salem","65.0","0.0","0.6","7.7","1.0","-1.0","74.3"
"86","1970","11","Tamil Nadu","Salem","93.0","0.0","0.4","12.9","1.7","-1.0","108.0"
"86","1971","11","Tamil Nadu","Salem","111.0","0.0","0.0","17.2","2.4","-1.0","130.6"
"86","1972","11","Tamil Nadu","Salem","108.0","0.0","0.0","33.6","3.2","-1.0","144.8"
"86","1973","11","Tamil Nadu","Salem","102.0","0.0","0.0","57.2","0.4","-1.0","159.6"
"86","1974","11","Tamil Nadu","Salem","80.0","0.0","0.0","5.6","0.5","-1.0","86.1"
"86","1975","11","Tamil Nadu","Salem","120.0","0.0","4.2","15.8","1.0","-1.0","141.0"
"86","1976","11","Tamil Nadu","Salem","48.0","0.0","4.2","16.4","1.2","-1.0","69.8"
"86","1977","11","Tamil Nadu","Salem","112.7","0.0","4.8","35.4","2.8","-1.0","155.7"
"86","1978","11","Tamil Nadu","Salem","124.0","0.0","14.8","33.2","2.0","-1.0","174.0"
"86","1979","11","Tamil Nadu","Salem","119.1","0.0","25.6","27.4","2.6","-1.0","174.7"
"86","1980","11","Tamil Nadu","Salem","61.4","0.0","21.9","30.3","1.6","-1.0","115.2"
"86","1981","11","Tamil Nadu","Salem","122.8","0.0","35.3","32.2","0.9","-1.0","191.2"
"86","1982","11","Tamil Nadu","Salem","52.3","0.0","18.5","21.9","0.5","31.44","124.64"
"86","1983","11","Tamil Nadu","Salem","101.1","0.0","9.0","25.2","0.8","-1.0","136.1"
"86","1984","11","Tamil Nadu","Salem","104.9","0.0","8.7","27.8","0.7","22.94","165.04"
"86","1985","11","Tamil Nadu","Salem","52.5","0.0","10.8","17.9","0.0","-1.0","81.2"
"86","1986","11","Tamil Nadu","Salem","67.0","0.1","13.5","14.1","1.0","25.9","121.6"
"86","1987","11","Tamil Nadu","Salem","69.9","0.0","36.2","15.8","0.0","-1.0","121.9"
"86","1988","11","Tamil Nadu","Salem","81.4","0.0","42.2","14.4","0.0","36.37","174.37"
"86","1989","11","Tamil Nadu","Salem","92.0","0.0","45.8","15.5","0.0","33.95","187.25"
"86","1990","11","Tamil Nadu","Salem","50.91","0.0","32.08","13.29","0.0","49.66","145.94"
"86","1991","11","Tamil Nadu","Salem","129.56","0.0","38.68","16.29","0.0","64.53","249.06"
"86","1992","11","Tamil Nadu","Salem","93.86","0.0","50.52","13.03","0.0","65.08","222.49"
"86","1993","11","Tamil Nadu","Salem","126.39","0.0","59.33","16.28","0.0","77.27","279.27"
"86","1994","11","Tamil Nadu","Salem","114.05","0.0","46.04","12.97","0.0","69.69","242.75"
"86","1995","11","Tamil Nadu","Salem","104.0","0.0","33.0","9.0","0.0","55.0","201.0"
"86","1996","11","Tamil Nadu","Salem","113.0","0.0","22.0","8.0","0.0","48.0","191.0"
"86","1997","11","Tamil Nadu","Salem","119.1","0.0","25.82","7.91","0.0","42.48","195.31"
"86","1998","11","Tamil Nadu","Salem","128.6","0.0","27.8","6.8","0.0","48.2","211.4"
"86","1999","11","Tamil Nadu","Salem","119.9","0.0","36.1","9.1","0.0","63.0","228.1"
"86","2000","11","Tamil Nadu","Salem","116.0","0.0","39.2","6.4","0.0","69.0","230.6"
"86","2001","11","Tamil Nadu","Salem","119.9","0.0","37.0","6.6","0.0","72.0","235.5"
"86","2002","11","Tamil Nadu","Salem","49.6","0.0","46.2","6.1","0.0","60.2","162.1"
"86","2003","11","Tamil Nadu","Salem","36.2","0.0","68.3","6.1","0.0","83.3","193.9"
"86","2004","11","Tamil Nadu","Salem","66.82","0.0","58.99","6.01","0.0","82.56","214.38"
"86","2005","11","Tamil Nadu","Salem","107.05","0.0","60.88","3.59","0.0","76.33","247.84"
"86","2006","11","Tamil Nadu","Salem","77.86","0.0","42.49","3.06","0.0","68.39","191.81"
"86","2007","11","Tamil Nadu","Salem","65.78","0.0","39.18","2.29","0.0","71.72","178.93"
"86","2008","11","Tamil Nadu","Salem","75.22","0.0","44.17","1.79","0.0","68.0","190.0"
"86","2009","11","Tamil Nadu","Salem","67.88","-1.0","39.22","2.67","-1.0","60.6","170.39"
"86","2010","11","Tamil Nadu","Salem","86.56","-1.0","61.32","3.84","-1.0","61.22","212.93"
"87","1966","11","Tamil Nadu","Coimbatore","19.0","0.0","5.5","2.3","0.0","-1.0","26.8"
"87","1967","11","Tamil Nadu","Coimbatore","20.0","0.0","1.0","5.6","0.4","-1.0","27.0"
"87","1968","11","Tamil Nadu","Coimbatore","47.0","0.0","0.3","8.5","2.2","-1.0","58.0"
"87","1969","11","Tamil Nadu","Coimbatore","47.0","0.0","0.0","20.8","5.2","-1.0","73.0"
"87","1970","11","Tamil Nadu","Coimbatore","62.0","0.0","0.0","18.8","7.3","-1.0","88.1"
"87","1971","11","Tamil Nadu","Coimbatore","81.0","0.0","0.2","21.6","7.1","-1.0","109.9"
"87","1972","11","Tamil Nadu","Coimbatore","82.0","0.0","0.0","38.8","8.8","-1.0","129.6"
"87","1973","11","Tamil Nadu","Coimbatore","104.0","0.0","0.8","40.8","10.0","-1.0","155.6"
"87","1974","11","Tamil Nadu","Coimbatore","94.6","0.0","0.4","9.9","5.4","-1.0","110.3"
"87","1975","11","Tamil Nadu","Coimbatore","80.0","0.0","1.3","16.1","13.7","-1.0","111.1"
"87","1976","11","Tamil Nadu","Coimbatore","52.0","0.0","12.0","22.8","7.5","-1.0","94.3"
"87","1977","11","Tamil Nadu","Coimbatore","108.0","0.0","19.6","26.2","10.0","-1.0","163.8"
"87","1978","11","Tamil Nadu","Coimbatore","96.0","0.0","21.2","29.6","12.1","-1.0","158.9"
"87","1979","11","Tamil Nadu","Coimbatore","100.2","0.0","43.0","34.9","14.2","-1.0","192.3"
"87","1980","11","Tamil Nadu","Coimbatore","106.9","0.0","38.7","28.1","13.4","-1.0","187.1"
"87","1981","11","Tamil Nadu","Coimbatore","115.2","0.0","36.1","29.1","14.3","-1.0","194.7"
"87","1982","11","Tamil Nadu","Coimbatore","91.0","0.0","55.4","14.9","13.4","1.9","176.6"
"87","1983","11","Tamil Nadu","Coimbatore","108.6","0.0","115.0","27.1","15.1","-1.0","265.8"
"87","1984","11","Tamil Nadu","Coimbatore","112.7","0.0","110.6","29.9","13.3","5.5","272.0"
"87","1985","11","Tamil Nadu","Coimbatore","50.6","0.0","116.0","13.4","0.0","-1.0","180.0"
"87","1986","11","Tamil Nadu","Coimbatore","90.8","0.1","100.7","15.9","11.7","6.38","225.58"
"87","1987","11","Tamil Nadu","Coimbatore","49.7","0.0","101.7","16.2","0.0","-1.0","167.6"
"87","1988","11","Tamil Nadu","Coimbatore","91.9","0.0","71.2","13.4","0.0","4.01","180.51"
"87","1989","11","Tamil Nadu","Coimbatore","97.5","0.0","104.0","11.6","0.0","4.8","217.9"
"87","1990","11","Tamil Nadu","Coimbatore","82.42","0.0","66.41","7.41","0.0","14.45","170.69"
"87","1991","11","Tamil Nadu","Coimbatore","96.85","0.0","60.83","7.52","0.0","13.45","178.65"
"87","1992","11","Tamil Nadu","Coimbatore","102.69","0.0","70.87","5.52","0.0","12.61","191.69"
"87","1993","11","Tamil Nadu","Coimbatore","84.69","0.0","84.05","5.99","0.0","11.66","186.39"
"87","1994","11","Tamil Nadu","Coimbatore","83.99","0.0","76.62","3.78","0.0","11.04","175.43"
"87","1995","11","Tamil Nadu","Coimbatore","76.0","0.0","67.0","4.0","0.0","11.0","158.0"
"87","1996","11","Tamil Nadu","Coimbatore","84.0","0.0","60.0","3.0","0.0","10.0","157.0"
"87","1997","11","Tamil Nadu","Coimbatore","79.45","0.0","66.74","2.5","0.0","9.95","158.64"
"87","1998","11","Tamil Nadu","Coimbatore","70.1","0.0","78.8","2.0","0.0","10.6","161.5"
"87","1999","11","Tamil Nadu","Coimbatore","78.1","0.0","91.9","2.1","0.0","9.3","181.4"
"87","2000","11","Tamil Nadu","Coimbatore","72.0","0.0","85.3","1.2","0.0","8.4","166.9"
"87","2001","11","Tamil Nadu","Coimbatore","60.8","0.0","77.3","0.7","0.0","7.9","146.7"
"87","2002","11","Tamil Nadu","Coimbatore","23.2","0.0","63.7","1.5","0.0","7.0","95.4"
"87","2003","11","Tamil Nadu","Coimbatore","5.5","0.0","78.2","1.5","0.0","1.8","87.0"
"87","2004","11","Tamil Nadu","Coimbatore","62.48","0.0","72.76","1.06","0.0","5.73","142.01"
"87","2005","11","Tamil Nadu","Coimbatore","50.83","0.0","65.5","0.62","0.0","4.67","121.6"
"87","2006","11","Tamil Nadu","Coimbatore","44.63","0.0","62.08","0.78","0.0","6.13","113.62"
"87","2007","11","Tamil Nadu","Coimbatore","44.01","0.0","60.7","0.84","0.0","3.99","109.53"
"87","2008","11","Tamil Nadu","Coimbatore","104.45","0.0","39.78","0.22","0.0","0.0","145.0"
"87","2009","11","Tamil Nadu","Coimbatore","104.03","-1.0","37.77","0.19","-1.0","0.08","142.09"
"87","2010","11","Tamil Nadu","Coimbatore","101.47","-1.0","40.96","0.1","-1.0","0.1","142.62"
"88","1966","11","Tamil Nadu","Tiruchirapalli / Trichy","18.0","0.0","3.6","0.4","0.5","-1.0","22.5"
"88","1967","11","Tamil Nadu","Tiruchirapalli / Trichy","24.0","0.0","0.5","4.3","0.4","-1.0","29.2"
"88","1968","11","Tamil Nadu","Tiruchirapalli / Trichy","47.0","0.0","0.2","6.3","0.3","-1.0","53.8"
"88","1969","11","Tamil Nadu","Tiruchirapalli / Trichy","57.0","0.0","0.0","6.7","0.4","-1.0","64.1"
"88","1970","11","Tamil Nadu","Tiruchirapalli / Trichy","139.0","0.0","0.0","12.9","0.2","-1.0","152.1"
"88","1971","11","Tamil Nadu","Tiruchirapalli / Trichy","168.0","0.0","0.0","14.8","2.0","-1.0","184.8"
"88","1972","11","Tamil Nadu","Tiruchirapalli / Trichy","187.0","0.0","0.0","26.0","1.6","-1.0","214.6"
"88","1973","11","Tamil Nadu","Tiruchirapalli / Trichy","121.0","0.0","0.0","56.4","4.8","-1.0","182.2"
"88","1974","11","Tamil Nadu","Tiruchirapalli / Trichy","142.0","0.0","0.0","1.5","0.7","-1.0","144.2"
"88","1975","11","Tamil Nadu","Tiruchirapalli / Trichy","200.6","0.0","8.6","18.8","1.6","-1.0","229.6"
"88","1976","11","Tamil Nadu","Tiruchirapalli / Trichy","176.6","0.0","14.8","23.0","2.3","-1.0","216.7"
"88","1977","11","Tamil Nadu","Tiruchirapalli / Trichy","216.7","0.0","14.0","33.9","3.0","-1.0","267.6"
"88","1978","11","Tamil Nadu","Tiruchirapalli / Trichy","212.7","0.0","20.4","37.4","2.7","-1.0","273.2"
"88","1979","11","Tamil Nadu","Tiruchirapalli / Trichy","201.5","0.0","23.5","41.5","5.7","-1.0","272.2"
"88","1980","11","Tamil Nadu","Tiruchirapalli / Trichy","177.2","0.0","16.1","37.6","1.2","-1.0","232.1"
"88","1981","11","Tamil Nadu","Tiruchirapalli / Trichy","208.0","0.0","28.0","47.9","4.6","-1.0","288.5"
"88","1982","11","Tamil Nadu","Tiruchirapalli / Trichy","132.4","0.0","45.3","36.5","1.1","13.57","228.87"
"88","1983","11","Tamil Nadu","Tiruchirapalli / Trichy","225.9","0.0","42.5","56.1","1.1","-1.0","325.6"
"88","1984","11","Tamil Nadu","Tiruchirapalli / Trichy","234.4","0.0","40.9","62.0","1.0","13.5","351.8"
"88","1985","11","Tamil Nadu","Tiruchirapalli / Trichy","149.6","0.0","19.5","19.7","0.0","-1.0","188.8"
"88","1986","11","Tamil Nadu","Tiruchirapalli / Trichy","164.7","0.0","33.9","16.9","2.3","12.43","230.23"
"88","1987","11","Tamil Nadu","Tiruchirapalli / Trichy","157.4","0.0","55.7","22.4","0.0","-1.0","235.5"
"88","1988","11","Tamil Nadu","Tiruchirapalli / Trichy","131.3","0.0","33.1","17.9","0.0","11.19","193.49"
"88","1989","11","Tamil Nadu","Tiruchirapalli / Trichy","153.5","0.0","48.6","12.7","0.0","11.05","225.85"
"88","1990","11","Tamil Nadu","Tiruchirapalli / Trichy","124.54","0.0","49.21","23.8","0.0","2.94","200.49"
"88","1991","11","Tamil Nadu","Tiruchirapalli / Trichy","156.02","0.0","36.24","15.08","0.0","1.46","208.8"
"88","1992","11","Tamil Nadu","Tiruchirapalli / Trichy","202.04","0.0","49.02","8.66","0.0","1.23","260.95"
"88","1993","11","Tamil Nadu","Tiruchirapalli / Trichy","208.45","0.0","35.41","5.3","0.0","1.57","250.72"
"88","1994","11","Tamil Nadu","Tiruchirapalli / Trichy","192.55","0.0","53.08","27.92","0.0","1.38","274.93"
"88","1995","11","Tamil Nadu","Tiruchirapalli / Trichy","149.0","0.0","45.0","14.0","0.0","1.0","209.0"
"88","1996","11","Tamil Nadu","Tiruchirapalli / Trichy","171.0","0.0","37.0","10.0","0.0","1.0","219.0"
"88","1997","11","Tamil Nadu","Tiruchirapalli / Trichy","188.19","0.0","68.36","11.05","0.0","0.7","268.3"
"88","1998","11","Tamil Nadu","Tiruchirapalli / Trichy","203.1","0.0","28.2","7.1","0.0","0.5","238.9"
"88","1999","11","Tamil Nadu","Tiruchirapalli / Trichy","216.3","0.0","32.2","5.9","0.0","0.3","254.7"
"88","2000","11","Tamil Nadu","Tiruchirapalli / Trichy","214.1","0.0","46.4","5.6","0.0","0.5","266.6"
"88","2001","11","Tamil Nadu","Tiruchirapalli / Trichy","191.1","0.0","60.1","6.7","0.0","0.3","258.2"
"88","2002","11","Tamil Nadu","Tiruchirapalli / Trichy","152.0","0.0","61.0","8.8","0.0","0.3","222.1"
"88","2003","11","Tamil Nadu","Tiruchirapalli / Trichy","142.2","0.0","74.9","8.8","0.0","0.4","226.3"
"88","2004","11","Tamil Nadu","Tiruchirapalli / Trichy","190.65","0.0","78.42","8.84","0.0","0.44","278.37"
"88","2005","11","Tamil Nadu","Tiruchirapalli / Trichy","209.2","0.0","61.88","5.57","0.0","0.22","276.86"
"88","2006","11","Tamil Nadu","Tiruchirapalli / Trichy","190.27","0.0","53.04","4.24","0.0","0.29","247.82"
"88","2007","11","Tamil Nadu","Tiruchirapalli / Trichy","171.63","0.0","51.26","3.63","0.0","0.17","226.69"
"88","2008","11","Tamil Nadu","Tiruchirapalli / Trichy","154.29","0.0","55.56","3.77","0.0","3.0","217.0"
"88","2009","11","Tamil Nadu","Tiruchirapalli / Trichy","147.22","-1.0","53.27","3.99","-1.0","3.4","207.87"
"88","2010","11","Tamil Nadu","Tiruchirapalli / Trichy","150.38","-1.0","56.89","4.61","-1.0","4.44","216.31"
"89","1966","11","Tamil Nadu","Thanjavur","94.0","0.0","0.1","0.0","0.3","-1.0","94.4"
"89","1967","11","Tamil Nadu","Thanjavur","266.0","0.0","0.1","0.0","0.1","-1.0","266.2"
"89","1968","11","Tamil Nadu","Thanjavur","228.0","0.0","0.0","0.0","0.3","-1.0","228.3"
"89","1969","11","Tamil Nadu","Thanjavur","431.0","0.0","0.0","0.0","1.0","-1.0","432.0"
"89","1970","11","Tamil Nadu","Thanjavur","565.0","0.0","0.0","0.0","0.0","-1.0","565.0"
"89","1971","11","Tamil Nadu","Thanjavur","619.0","0.0","0.0","0.0","4.2","-1.0","623.2"
"89","1972","11","Tamil Nadu","Thanjavur","651.0","0.0","0.0","0.4","3.6","-1.0","655.0"
"89","1973","11","Tamil Nadu","Thanjavur","630.0","0.0","0.2","1.6","2.4","-1.0","634.2"
"89","1974","11","Tamil Nadu","Thanjavur","558.0","0.0","0.2","0.7","3.4","-1.0","562.3"
"89","1975","11","Tamil Nadu","Thanjavur","621.4","0.0","0.5","1.8","9.2","-1.0","632.9"
"89","1976","11","Tamil Nadu","Thanjavur","512.4","0.0","0.4","1.8","13.3","-1.0","527.9"
"89","1977","11","Tamil Nadu","Thanjavur","603.3","0.0","0.4","1.7","10.2","-1.0","615.6"
"89","1978","11","Tamil Nadu","Thanjavur","605.3","0.0","0.4","1.3","4.1","-1.0","611.1"
"89","1979","11","Tamil Nadu","Thanjavur","629.8","0.0","0.7","1.4","5.2","-1.0","637.1"
"89","1980","11","Tamil Nadu","Thanjavur","614.0","0.0","0.1","2.1","3.7","-1.0","619.9"
"89","1981","11","Tamil Nadu","Thanjavur","631.9","0.0","1.0","2.2","5.6","-1.0","640.7"
"89","1982","11","Tamil Nadu","Thanjavur","523.2","0.0","0.6","0.9","2.9","6.17","533.77"
"89","1983","11","Tamil Nadu","Thanjavur","533.3","0.0","1.6","2.2","2.3","-1.0","539.4"
"89","1984","11","Tamil Nadu","Thanjavur","553.4","0.0","1.5","2.4","2.0","6.39","565.69"
"89","1985","11","Tamil Nadu","Thanjavur","551.6","0.0","1.1","1.4","0.0","-1.0","554.1"
"89","1986","11","Tamil Nadu","Thanjavur","501.8","0.0","1.5","1.5","2.1","5.74","512.64"
"89","1987","11","Tamil Nadu","Thanjavur","476.9","0.0","1.0","1.1","0.0","-1.0","479.0"
"89","1988","11","Tamil Nadu","Thanjavur","484.5","0.0","0.8","1.1","0.0","5.41","491.81"
"89","1989","11","Tamil Nadu","Thanjavur","493.3","0.0","1.4","0.6","0.0","4.87","500.17"
"89","1990","11","Tamil Nadu","Thanjavur","475.43","0.0","1.19","0.33","0.0","1.06","478.01"
"89","1991","11","Tamil Nadu","Thanjavur","495.6","0.0","0.18","0.21","0.0","0.54","496.53"
"89","1992","11","Tamil Nadu","Thanjavur","556.73","0.0","0.66","0.1","0.0","0.43","557.92"
"89","1993","11","Tamil Nadu","Thanjavur","562.8","0.0","0.57","0.08","0.0","0.48","563.93"
"89","1994","11","Tamil Nadu","Thanjavur","558.02","0.0","0.2","0.05","0.0","0.45","558.72"
"89","1995","11","Tamil Nadu","Thanjavur","496.0","0.0","0.0","0.0","0.0","0.0","496.0"
"89","1996","11","Tamil Nadu","Thanjavur","494.0","0.0","0.0","0.0","0.0","0.0","494.0"
"89","1997","11","Tamil Nadu","Thanjavur","534.92","0.0","0.34","0.01","0.0","0.26","535.53"
"89","1998","11","Tamil Nadu","Thanjavur","515.9","0.0","0.3","0.0","0.0","0.2","516.4"
"89","1999","11","Tamil Nadu","Thanjavur","547.8","0.0","0.1","0.0","0.0","0.1","548.0"
"89","2000","11","Tamil Nadu","Thanjavur","563.2","0.0","0.1","0.0","0.0","0.1","563.4"
"89","2001","11","Tamil Nadu","Thanjavur","561.9","0.0","0.1","0.0","0.0","0.1","562.1"
"89","2002","11","Tamil Nadu","Thanjavur","432.4","0.0","0.2","0.0","0.0","0.1","432.7"
"89","2003","11","Tamil Nadu","Thanjavur","399.9","0.0","0.3","0.1","0.0","0.1","400.4"
"89","2004","11","Tamil Nadu","Thanjavur","492.45","0.0","0.44","0.03","0.0","0.16","493.05"
"89","2005","11","Tamil Nadu","Thanjavur","489.48","0.0","0.25","0.01","0.0","0.07","489.8"
"89","2006","11","Tamil Nadu","Thanjavur","534.89","0.0","0.21","0.02","0.0","0.07","535.2"
"89","2007","11","Tamil Nadu","Thanjavur","484.07","0.0","0.06","0.0","0.0","0.02","484.16"
"89","2008","11","Tamil Nadu","Thanjavur","539.89","0.0","3.39","0.11","0.0","1.0","545.0"
"89","2009","11","Tamil Nadu","Thanjavur","501.13","-1.0","2.85","0.11","-1.0","1.56","505.65"
"89","2010","11","Tamil Nadu","Thanjavur","496.12","-1.0","3.2","0.09","-1.0","2.06","501.48"
"90","1966","11","Tamil Nadu","Madurai","8.0","0.0","1.7","1.7","0.0","-1.0","11.4"
"90","1967","11","Tamil Nadu","Madurai","20.0","0.0","1.6","0.9","0.0","-1.0","22.5"
"90","1968","11","Tamil Nadu","Madurai","42.0","0.0","2.1","1.9","0.2","-1.0","46.2"
"90","1969","11","Tamil Nadu","Madurai","40.0","0.0","3.1","3.2","0.2","-1.0","46.5"
"90","1970","11","Tamil Nadu","Madurai","96.0","0.0","2.5","7.9","0.6","-1.0","107.0"
"90","1971","11","Tamil Nadu","Madurai","113.0","0.0","5.2","6.0","0.7","-1.0","124.9"
"90","1972","11","Tamil Nadu","Madurai","138.0","0.0","9.2","39.6","0.8","-1.0","187.6"
"90","1973","11","Tamil Nadu","Madurai","145.0","0.0","6.8","46.0","0.8","-1.0","198.6"
"90","1974","11","Tamil Nadu","Madurai","108.0","0.0","5.0","6.2","0.5","-1.0","119.7"
"90","1975","11","Tamil Nadu","Madurai","141.0","0.0","13.6","9.4","0.9","-1.0","164.9"
"90","1976","11","Tamil Nadu","Madurai","113.0","0.0","35.2","20.8","0.8","-1.0","169.8"
"90","1977","11","Tamil Nadu","Madurai","160.0","0.0","35.2","24.0","1.6","-1.0","220.8"
"90","1978","11","Tamil Nadu","Madurai","158.0","0.0","29.2","22.8","1.2","-1.0","211.2"
"90","1979","11","Tamil Nadu","Madurai","161.2","0.0","84.7","24.0","1.1","-1.0","271.0"
"90","1980","11","Tamil Nadu","Madurai","124.1","0.0","50.3","30.6","1.9","-1.0","206.9"
"90","1981","11","Tamil Nadu","Madurai","159.4","0.0","56.0","26.8","1.2","-1.0","243.4"
"90","1982","11","Tamil Nadu","Madurai","95.1","0.0","75.8","32.6","2.2","3.46","209.16"
"90","1983","11","Tamil Nadu","Madurai","113.5","0.0","72.6","23.8","2.2","-1.0","212.1"
"90","1984","11","Tamil Nadu","Madurai","117.8","0.0","69.8","26.3","1.9","2.96","218.76"
"90","1985","11","Tamil Nadu","Madurai","119.2","0.0","62.7","14.4","0.0","-1.0","196.3"
"90","1986","11","Tamil Nadu","Madurai","103.1","0.2","65.4","18.8","1.3","2.51","191.31"
"90","1987","11","Tamil Nadu","Madurai","132.0","0.0","62.0","19.7","0.0","-1.0","213.7"
"90","1988","11","Tamil Nadu","Madurai","127.9","0.0","59.1","18.4","0.0","2.13","207.53"
"90","1989","11","Tamil Nadu","Madurai","160.0","0.0","78.0","16.5","0.0","1.61","256.11"
"90","1990","11","Tamil Nadu","Madurai","140.17","0.0","49.52","23.33","0.0","1.95","214.97"
"90","1991","11","Tamil Nadu","Madurai","121.38","0.0","40.76","16.74","0.0","1.13","180.01"
"90","1992","11","Tamil Nadu","Madurai","139.13","0.0","44.42","14.41","0.0","1.38","199.34"
"90","1993","11","Tamil Nadu","Madurai","147.07","0.0","42.76","11.52","0.0","1.24","202.59"
"90","1994","11","Tamil Nadu","Madurai","146.02","0.0","44.47","13.02","0.0","0.9","204.41"
"90","1995","11","Tamil Nadu","Madurai","108.0","0.0","51.0","10.0","0.0","0.0","169.0"
"90","1996","11","Tamil Nadu","Madurai","127.0","0.0","68.0","8.0","0.0","0.0","203.0"
"90","1997","11","Tamil Nadu","Madurai","130.33","0.0","72.75","11.89","0.0","0.64","215.61"
"90","1998","11","Tamil Nadu","Madurai","132.8","0.0","54.5","14.0","0.0","0.6","201.9"
"90","1999","11","Tamil Nadu","Madurai","125.3","0.0","55.4","14.3","0.0","0.8","195.8"
"90","2000","11","Tamil Nadu","Madurai","115.6","0.0","48.0","10.7","0.0","0.5","174.8"
"90","2001","11","Tamil Nadu","Madurai","101.5","0.0","50.0","11.1","0.0","0.5","163.1"
"90","2002","11","Tamil Nadu","Madurai","73.1","0.0","51.3","13.0","0.0","0.7","138.1"
"90","2003","11","Tamil Nadu","Madurai","49.5","0.0","60.0","14.7","0.0","0.5","124.7"
"90","2004","11","Tamil Nadu","Madurai","98.04","0.0","71.02","14.54","0.0","0.3","183.9"
"90","2005","11","Tamil Nadu","Madurai","110.43","0.0","61.77","12.16","0.0","0.38","184.74"
"90","2006","11","Tamil Nadu","Madurai","100.16","0.0","52.27","11.62","0.0","0.31","164.35"
"90","2007","11","Tamil Nadu","Madurai","93.24","0.0","51.97","10.75","0.0","0.21","156.18"
"90","2008","11","Tamil Nadu","Madurai","101.92","0.0","46.44","10.42","0.0","0.0","158.0"
"90","2009","11","Tamil Nadu","Madurai","82.78","-1.0","45.43","10.8","-1.0","0.43","139.43"
"90","2010","11","Tamil Nadu","Madurai","94.77","-1.0","48.62","10.38","-1.0","0.1","153.86"
"91","1966","11","Tamil Nadu","Ramananthapuram","3.0","0.0","0.5","0.5","0.0","-1.0","4.0"
"91","1967","11","Tamil Nadu","Ramananthapuram","3.0","0.0","0.3","1.1","0.0","-1.0","4.4"
"91","1968","11","Tamil Nadu","Ramananthapuram","3.0","0.0","0.4","1.7","0.2","-1.0","5.3"
"91","1969","11","Tamil Nadu","Ramananthapuram","12.0","0.0","0.1","3.5","0.2","-1.0","15.8"
"91","1970","11","Tamil Nadu","Ramananthapuram","85.0","0.0","0.1","3.3","0.2","-1.0","88.6"
"91","1971","11","Tamil Nadu","Ramananthapuram","217.0","0.0","3.2","3.0","0.1","-1.0","223.3"
"91","1972","11","Tamil Nadu","Ramananthapuram","176.0","0.0","0.8","9.6","0.0","-1.0","186.4"
"91","1973","11","Tamil Nadu","Ramananthapuram","170.0","0.0","0.2","59.2","0.0","-1.0","229.4"
"91","1974","11","Tamil Nadu","Ramananthapuram","142.0","0.0","0.1","5.3","0.0","-1.0","147.4"
"91","1975","11","Tamil Nadu","Ramananthapuram","158.0","0.0","1.5","3.2","0.8","-1.0","163.5"
"91","1976","11","Tamil Nadu","Ramananthapuram","170.0","0.0","5.0","12.0","0.4","-1.0","187.4"
"91","1977","11","Tamil Nadu","Ramananthapuram","208.0","0.0","8.1","15.5","0.4","-1.0","232.0"
"91","1978","11","Tamil Nadu","Ramananthapuram","161.0","0.0","5.6","19.2","0.4","-1.0","186.2"
"91","1979","11","Tamil Nadu","Ramananthapuram","180.9","0.0","7.1","18.4","0.1","-1.0","206.5"
"91","1980","11","Tamil Nadu","Ramananthapuram","133.5","0.0","10.4","15.3","0.2","-1.0","159.4"
"91","1981","11","Tamil Nadu","Ramananthapuram","193.7","0.0","10.1","21.9","1.1","-1.0","226.8"
"91","1982","11","Tamil Nadu","Ramananthapuram","184.6","0.0","7.6","12.6","0.0","9.98","214.78"
"91","1983","11","Tamil Nadu","Ramananthapuram","228.0","0.0","9.2","35.2","0.3","-1.0","272.7"
"91","1984","11","Tamil Nadu","Ramananthapuram","236.6","0.0","8.8","38.9","0.3","7.94","292.54"
"91","1985","11","Tamil Nadu","Ramananthapuram","180.6","0.0","6.2","3.6","0.0","-1.0","190.4"
"91","1986","11","Tamil Nadu","Ramananthapuram","171.5","0.0","8.4","4.7","0.2","7.25","192.05"
"91","1987","11","Tamil Nadu","Ramananthapuram","186.8","0.0","10.1","9.4","0.0","-1.0","206.3"
"91","1988","11","Tamil Nadu","Ramananthapuram","145.9","0.0","5.8","6.9","0.0","3.88","162.48"
"91","1989","11","Tamil Nadu","Ramananthapuram","165.9","0.0","7.3","9.8","0.0","5.44","188.44"
"91","1990","11","Tamil Nadu","Ramananthapuram","175.55","0.0","8.21","10.6","0.0","7.41","201.77"
"91","1991","11","Tamil Nadu","Ramananthapuram","164.27","0.0","5.28","7.96","0.0","5.14","182.65"
"91","1992","11","Tamil Nadu","Ramananthapuram","182.36","0.0","4.27","7.26","0.0","3.66","197.55"
"91","1993","11","Tamil Nadu","Ramananthapuram","225.45","0.0","6.61","4.77","0.0","2.78","239.61"
"91","1994","11","Tamil Nadu","Ramananthapuram","202.74","0.0","5.45","7.57","0.0","2.01","217.77"
"91","1995","11","Tamil Nadu","Ramananthapuram","145.0","0.0","5.0","8.0","0.0","1.0","159.0"
"91","1996","11","Tamil Nadu","Ramananthapuram","160.0","0.0","7.0","10.0","0.0","2.0","179.0"
"91","1997","11","Tamil Nadu","Ramananthapuram","206.06","0.0","5.56","9.68","0.0","1.26","222.56"
"91","1998","11","Tamil Nadu","Ramananthapuram","209.6","0.0","7.2","8.6","0.0","1.3","226.7"
"91","1999","11","Tamil Nadu","Ramananthapuram","175.9","0.0","7.3","10.3","0.0","1.0","194.5"
"91","2000","11","Tamil Nadu","Ramananthapuram","162.8","0.0","9.1","8.2","0.0","0.8","180.9"
"91","2001","11","Tamil Nadu","Ramananthapuram","157.0","0.0","7.1","6.3","0.0","1.2","171.6"
"91","2002","11","Tamil Nadu","Ramananthapuram","168.3","0.0","6.3","6.1","0.0","1.2","181.9"
"91","2003","11","Tamil Nadu","Ramananthapuram","166.0","0.0","8.6","4.9","0.0","1.5","181.0"
"91","2004","11","Tamil Nadu","Ramananthapuram","206.89","0.0","11.68","5.65","0.0","1.27","225.47"
"91","2005","11","Tamil Nadu","Ramananthapuram","181.7","0.0","9.89","6.3","0.0","0.69","198.56"
"91","2006","11","Tamil Nadu","Ramananthapuram","115.76","0.0","7.19","4.41","0.0","0.35","127.71"
"91","2007","11","Tamil Nadu","Ramananthapuram","108.25","0.0","9.34","3.95","0.0","0.32","121.86"
"91","2008","11","Tamil Nadu","Ramananthapuram","130.31","0.0","11.12","3.14","0.0","0.0","145.0"
"91","2009","11","Tamil Nadu","Ramananthapuram","130.17","-1.0","9.52","3.34","-1.0","0.21","143.22"
"91","2010","11","Tamil Nadu","Ramananthapuram","245.9","-1.0","12.29","2.94","-1.0","0.56","261.67"
"92","1966","11","Tamil Nadu","Thirunelveli","10.0","0.0","3.0","3.0","0.0","-1.0","16.0"
"92","1967","11","Tamil Nadu","Thirunelveli","21.0","0.0","3.9","4.1","0.1","-1.0","29.1"
"92","1968","11","Tamil Nadu","Thirunelveli","25.0","0.0","5.0","9.2","0.8","-1.0","40.0"
"92","1969","11","Tamil Nadu","Thirunelveli","46.0","0.0","5.1","12.3","0.8","-1.0","64.2"
"92","1970","11","Tamil Nadu","Thirunelveli","102.0","0.0","0.2","4.9","0.8","-1.0","107.9"
"92","1971","11","Tamil Nadu","Thirunelveli","129.0","0.0","8.0","0.0","2.0","-1.0","139.0"
"92","1972","11","Tamil Nadu","Thirunelveli","137.0","0.0","6.8","56.0","1.2","-1.0","201.0"
"92","1973","11","Tamil Nadu","Thirunelveli","138.0","0.0","7.6","70.0","1.2","-1.0","216.8"
"92","1974","11","Tamil Nadu","Thirunelveli","90.0","0.0","2.1","3.8","0.9","-1.0","96.8"
"92","1975","11","Tamil Nadu","Thirunelveli","101.0","0.0","14.7","12.9","0.8","-1.0","129.4"
"92","1976","11","Tamil Nadu","Thirunelveli","88.0","0.0","18.4","2.0","0.4","-1.0","108.8"
"92","1977","11","Tamil Nadu","Thirunelveli","143.0","0.0","22.0","14.0","0.4","-1.0","179.4"
"92","1978","11","Tamil Nadu","Thirunelveli","120.0","0.0","13.2","15.4","0.0","-1.0","148.6"
"92","1979","11","Tamil Nadu","Thirunelveli","140.9","0.0","14.9","17.1","0.0","-1.0","172.9"
"92","1980","11","Tamil Nadu","Thirunelveli","130.6","0.0","18.0","17.4","0.0","-1.0","166.0"
"92","1981","11","Tamil Nadu","Thirunelveli","130.7","0.0","23.3","16.6","0.0","-1.0","170.6"
"92","1982","11","Tamil Nadu","Thirunelveli","109.0","0.0","16.7","38.5","0.0","0.81","165.01"
"92","1983","11","Tamil Nadu","Thirunelveli","111.7","0.0","29.3","11.8","0.1","-1.0","152.9"
"92","1984","11","Tamil Nadu","Thirunelveli","115.9","0.0","28.2","13.0","0.1","2.44","159.64"
"92","1985","11","Tamil Nadu","Thirunelveli","121.5","0.0","20.1","14.3","0.0","-1.0","155.9"
"92","1986","11","Tamil Nadu","Thirunelveli","75.7","0.0","15.2","32.1","0.4","3.4","126.8"
"92","1987","11","Tamil Nadu","Thirunelveli","108.3","0.0","16.9","32.5","0.0","-1.0","157.7"
"92","1988","11","Tamil Nadu","Thirunelveli","102.2","0.0","17.1","28.6","0.0","3.45","151.35"
"92","1989","11","Tamil Nadu","Thirunelveli","106.7","0.0","20.3","29.1","0.0","2.5","158.6"
"92","1990","11","Tamil Nadu","Thirunelveli","128.73","0.0","13.37","29.58","0.0","2.36","174.04"
"92","1991","11","Tamil Nadu","Thirunelveli","127.64","0.0","10.2","18.05","0.0","1.36","157.25"
"92","1992","11","Tamil Nadu","Thirunelveli","127.28","0.0","10.62","18.81","0.0","1.71","158.42"
"92","1993","11","Tamil Nadu","Thirunelveli","131.67","0.0","9.63","17.54","0.0","2.17","161.02"
"92","1994","11","Tamil Nadu","Thirunelveli","131.02","0.0","9.51","13.31","0.0","2.0","155.84"
"92","1995","11","Tamil Nadu","Thirunelveli","100.0","0.0","9.0","17.0","0.0","1.0","127.0"
"92","1996","11","Tamil Nadu","Thirunelveli","82.0","0.0","13.0","21.0","0.0","1.0","117.0"
"92","1997","11","Tamil Nadu","Thirunelveli","106.54","0.0","7.78","22.57","0.0","1.27","138.16"
"92","1998","11","Tamil Nadu","Thirunelveli","113.1","0.0","6.7","13.1","0.0","0.9","133.8"
"92","1999","11","Tamil Nadu","Thirunelveli","103.9","0.0","10.7","30.0","0.0","1.4","146.0"
"92","2000","11","Tamil Nadu","Thirunelveli","91.9","0.0","12.0","20.7","0.0","0.8","125.4"
"92","2001","11","Tamil Nadu","Thirunelveli","82.2","0.0","7.6","19.9","0.0","1.0","110.7"
"92","2002","11","Tamil Nadu","Thirunelveli","80.9","0.0","9.1","19.9","0.0","0.6","110.5"
"92","2003","11","Tamil Nadu","Thirunelveli","66.0","0.0","9.3","22.3","0.0","0.5","98.1"
"92","2004","11","Tamil Nadu","Thirunelveli","103.25","0.0","13.35","21.74","0.0","0.54","138.88"
"92","2005","11","Tamil Nadu","Thirunelveli","106.33","0.0","12.01","20.81","0.0","0.43","139.56"
"92","2006","11","Tamil Nadu","Thirunelveli","112.53","0.0","8.92","15.18","0.0","0.41","137.04"
"92","2007","11","Tamil Nadu","Thirunelveli","100.5","0.0","10.47","11.67","0.0","0.48","123.11"
"92","2008","11","Tamil Nadu","Thirunelveli","111.48","0.0","10.66","12.09","0.0","0.0","135.0"
"92","2009","11","Tamil Nadu","Thirunelveli","103.05","-1.0","10.54","13.0","-1.0","0.15","126.75"
"92","2010","11","Tamil Nadu","Thirunelveli","99.77","-1.0","10.82","9.55","-1.0","0.17","120.32"
"93","1966","11","Tamil Nadu","The Nilgiris","0.0","0.0","0.0","0.0","0.0","-1.0","-1.0"
"93","1967","11","Tamil Nadu","The Nilgiris","0.0","0.0","0.0","0.0","0.0","-1.0","-1.0"
"93","1968","11","Tamil Nadu","The Nilgiris","0.0","0.0","0.0","0.0","0.0","-1.0","-1.0"
"93","1969","11","Tamil Nadu","The Nilgiris","0.0","0.0","0.0","0.0","0.0","-1.0","-1.0"
"93","1970","11","Tamil Nadu","The Nilgiris","0.0","0.0","0.0","0.0","0.0","-1.0","-1.0"
"93","1971","11","Tamil Nadu","The Nilgiris","0.0","0.0","0.0","0.0","0.0","-1.0","-1.0"
"93","1972","11","Tamil Nadu","The Nilgiris","0.0","0.0","0.0","0.0","0.0","-1.0","-1.0"
"93","1973","11","Tamil Nadu","The Nilgiris","0.0","0.0","0.0","0.0","0.0","-1.0","-1.0"
"93","1974","11","Tamil Nadu","The Nilgiris","0.0","0.0","0.0","0.0","0.0","-1.0","-1.0"
"93","1975","11","Tamil Nadu","The Nilgiris","0.0","0.0","0.0","0.0","0.0","-1.0","-1.0"
"93","1976","11","Tamil Nadu","The Nilgiris","0.0","0.0","0.0","0.0","0.0","-1.0","-1.0"
"93","1977","11","Tamil Nadu","The Nilgiris","0.0","0.0","0.0","0.0","0.0","-1.0","-1.0"
"93","1978","11","Tamil Nadu","The Nilgiris","0.0","0.0","0.0","0.0","0.0","-1.0","-1.0"
"93","1979","11","Tamil Nadu","The Nilgiris","0.0","0.0","0.0","0.0","0.0","-1.0","-1.0"
"93","1980","11","Tamil Nadu","The Nilgiris","0.0","0.0","0.0","0.0","0.0","-1.0","-1.0"
"93","1981","11","Tamil Nadu","The Nilgiris","0.0","0.0","0.0","0.0","0.0","0.0","0.0"
"93","1982","11","Tamil Nadu","The Nilgiris","0.0","0.0","0.0","0.0","0.0","0.0","0.0"
"93","1983","11","Tamil Nadu","The Nilgiris","0.0","0.0","0.0","0.0","0.0","-1.0","-1.0"
"93","1984","11","Tamil Nadu","The Nilgiris","0.0","0.0","0.0","0.0","0.0","0.33","0.33"
"93","1985","11","Tamil Nadu","The Nilgiris","3.5","0.0","0.0","0.0","0.0","-1.0","3.5"
"93","1986","11","Tamil Nadu","The Nilgiris","2.9","0.4","0.0","0.0","0.0","0.0","3.3"
"93","1987","11","Tamil Nadu","The Nilgiris","0.1","0.0","0.0","0.0","0.0","-1.0","0.1"
"93","1988","11","Tamil Nadu","The Nilgiris","0.0","0.0","0.0","0.0","0.0","0.0","0.0"
"93","1989","11","Tamil Nadu","The Nilgiris","0.0","0.0","0.0","0.0","0.0","0.0","0.0"
"93","1990","11","Tamil Nadu","The Nilgiris","0.27","0.0","0.06","0.0","0.0","0.02","0.35"
"93","1991","11","Tamil Nadu","The Nilgiris","1.41","0.0","0.0","0.0","0.0","0.04","1.45"
"93","1992","11","Tamil Nadu","The Nilgiris","0.25","0.0","0.0","0.02","0.0","0.01","0.28"
"93","1993","11","Tamil Nadu","The Nilgiris","0.07","0.0","0.0","0.01","0.0","0.0","0.08"
"93","1994","11","Tamil Nadu","The Nilgiris","0.0","0.0","0.0","0.01","0.0","0.01","0.02"
"93","1995","11","Tamil Nadu","The Nilgiris","0.0","0.0","0.0","0.0","0.0","0.0","-1.0"
"93","1996","11","Tamil Nadu","The Nilgiris","0.0","0.0","0.0","0.0","0.0","0.0","-1.0"
"93","1997","11","Tamil Nadu","The Nilgiris","0.21","0.0","0.0","0.0","0.0","0.0","0.21"
"93","1998","11","Tamil Nadu","The Nilgiris","0.0","0.0","0.0","0.0","0.0","0.0","0.0"
"93","1999","11","Tamil Nadu","The Nilgiris","0.0","0.0","0.0","0.0","0.0","0.0","0.0"
"93","2000","11","Tamil Nadu","The Nilgiris","0.0","0.0","0.0","0.0","0.0","0.1","0.1"
"93","2001","11","Tamil Nadu","The Nilgiris","0.1","0.0","0.0","0.0","0.0","0.0","0.1"
"93","2002","11","Tamil Nadu","The Nilgiris","0.0","0.0","0.0","0.0","0.0","0.0","0.0"
"93","2003","11","Tamil Nadu","The Nilgiris","0.0","0.0","0.0","0.0","0.0","0.0","0.0"
"93","2004","11","Tamil Nadu","The Nilgiris","0.01","0.0","0.0","0.0","0.0","0.0","0.01"
"93","2005","11","Tamil Nadu","The Nilgiris","0.0","0.0","0.0","0.0","0.0","0.0","0.0"
"93","2006","11","Tamil Nadu","The Nilgiris","0.0","0.0","0.0","0.0","0.0","0.01","0.01"
"93","2007","11","Tamil Nadu","The Nilgiris","0.01","0.0","0.0","0.0","0.0","0.0","0.01"
"93","2008","11","Tamil Nadu","The Nilgiris","0.01","0.0","0.0","0.0","0.0","0.0","0.0"
"93","2009","11","Tamil Nadu","The Nilgiris","0.0","-1.0","0.0","0.0","-1.0","0.0","0.0"
"93","2010","11","Tamil Nadu","The Nilgiris","0.39","-1.0","0.0","0.0","-1.0","0.0","0.39"
"94","1966","11","Tamil Nadu","Kanyakumari","1.0","0.0","0.0","0.0","0.0","-1.0","1.0"
"94","1967","11","Tamil Nadu","Kanyakumari","4.0","0.0","0.0","0.0","0.0","-1.0","4.0"
"94","1968","11","Tamil Nadu","Kanyakumari","10.0","0.0","0.0","0.0","0.0","-1.0","10.0"
"94","1969","11","Tamil Nadu","Kanyakumari","11.0","0.0","0.0","0.0","0.0","-1.0","11.0"
"94","1970","11","Tamil Nadu","Kanyakumari","29.0","0.0","0.0","0.0","0.0","-1.0","29.0"
"94","1971","11","Tamil Nadu","Kanyakumari","37.0","0.0","0.0","0.0","0.0","-1.0","37.0"
"94","1972","11","Tamil Nadu","Kanyakumari","36.0","0.0","0.0","0.0","0.0","-1.0","36.0"
"94","1973","11","Tamil Nadu","Kanyakumari","38.0","0.0","0.0","0.0","0.0","-1.0","38.0"
"94","1974","11","Tamil Nadu","Kanyakumari","32.0","0.0","0.0","0.0","0.0","-1.0","32.0"
"94","1975","11","Tamil Nadu","Kanyakumari","22.0","0.0","0.0","0.0","0.0","-1.0","22.0"
"94","1976","11","Tamil Nadu","Kanyakumari","22.0","0.0","0.0","0.0","0.0","-1.0","22.0"
"94","1977","11","Tamil Nadu","Kanyakumari","22.0","0.0","0.0","0.0","0.0","-1.0","22.0"
"94","1978","11","Tamil Nadu","Kanyakumari","32.0","0.0","0.0","0.0","0.0","-1.0","32.0"
"94","1979","11","Tamil Nadu","Kanyakumari","31.8","0.0","0.0","0.0","0.0","-1.0","31.8"
"94","1980","11","Tamil Nadu","Kanyakumari","29.0","0.0","0.0","0.0","0.0","-1.0","29.0"
"94","1981","11","Tamil Nadu","Kanyakumari","30.3","0.0","0.0","0.0","0.0","-1.0","30.3"
"94","1982","11","Tamil Nadu","Kanyakumari","29.9","0.0","0.0","0.0","0.0","0.0","29.9"
"94","1983","11","Tamil Nadu","Kanyakumari","24.7","0.0","0.0","0.0","0.0","-1.0","24.7"
"94","1984","11","Tamil Nadu","Kanyakumari","25.6","0.0","0.0","0.0","0.0","0.0","25.6"
"94","1985","11","Tamil Nadu","Kanyakumari","18.0","0.0","0.0","0.0","0.0","-1.0","18.0"
"94","1986","11","Tamil Nadu","Kanyakumari","15.6","0.0","0.0","0.0","0.0","0.0","15.6"
"94","1987","11","Tamil Nadu","Kanyakumari","18.4","0.0","0.0","0.0","0.0","-1.0","18.4"
"94","1988","11","Tamil Nadu","Kanyakumari","28.5","0.0","0.0","0.0","0.0","0.0","28.5"
"94","1989","11","Tamil Nadu","Kanyakumari","28.2","0.0","0.0","0.0","0.0","0.0","28.2"
"94","1990","11","Tamil Nadu","Kanyakumari","26.64","0.0","0.0","0.0","0.0","0.0","26.64"
"94","1991","11","Tamil Nadu","Kanyakumari","27.7","0.0","0.0","0.0","0.0","0.0","27.7"
"94","1992","11","Tamil Nadu","Kanyakumari","28.52","0.0","0.0","0.0","0.0","0.0","28.52"
"94","1993","11","Tamil Nadu","Kanyakumari","29.69","0.0","0.0","0.0","0.0","0.0","29.69"
"94","1994","11","Tamil Nadu","Kanyakumari","29.06","0.0","0.0","0.0","0.0","0.0","29.06"
"94","1995","11","Tamil Nadu","Kanyakumari","31.0","0.0","0.0","0.0","0.0","0.0","31.0"
"94","1996","11","Tamil Nadu","Kanyakumari","32.0","0.0","0.0","0.0","0.0","0.0","32.0"
"94","1997","11","Tamil Nadu","Kanyakumari","29.29","0.0","0.0","0.0","0.0","0.0","29.29"
"94","1998","11","Tamil Nadu","Kanyakumari","29.7","0.0","0.0","0.0","0.0","0.0","29.7"
"94","1999","11","Tamil Nadu","Kanyakumari","30.4","0.0","0.0","0.0","0.0","0.0","30.4"
"94","2000","11","Tamil Nadu","Kanyakumari","28.0","0.0","0.0","0.0","0.0","0.0","28.0"
"94","2001","11","Tamil Nadu","Kanyakumari","27.7","0.0","0.0","0.0","0.0","0.0","27.7"
"94","2002","11","Tamil Nadu","Kanyakumari","25.6","0.0","0.0","0.0","0.0","0.0","25.6"
"94","2003","11","Tamil Nadu","Kanyakumari","17.3","0.0","0.0","0.0","0.0","0.0","17.3"
"94","2004","11","Tamil Nadu","Kanyakumari","21.96","0.0","0.0","0.0","0.0","0.0","21.96"
"94","2005","11","Tamil Nadu","Kanyakumari","21.71","0.0","0.0","0.0","0.0","0.0","21.71"
"94","2006","11","Tamil Nadu","Kanyakumari","21.41","0.0","0.0","0.0","0.0","0.0","21.41"
"94","2007","11","Tamil Nadu","Kanyakumari","20.35","0.0","0.0","0.0","0.0","0.0","20.35"
"94","2008","11","Tamil Nadu","Kanyakumari","18.19","0.0","0.0","0.0","0.0","0.0","18.0"
"94","2009","11","Tamil Nadu","Kanyakumari","17.31","-1.0","0.0","0.0","-1.0","0.0","17.31"
"94","2010","11","Tamil Nadu","Kanyakumari","16.99","-1.0","0.0","0.0","-1.0","0.0","16.99"